{
    "someText": "Ana are mere",
    "someNumber": 123456,
    "someNumber2": 123456,
    "someNumber3": 123456.1432,
    "someNumber4": 123456.32432,
    "someNumber5": 123456.32432,
    "someNumber6": 123456.43566,
    "someNumber7": 123456.43423
}