{
    "taught": -1563828152,
    "worker": {
        "finally": -799552068,
        "bet": -756931179,
        "sail": -1522039482,
        "deep": 641104689.3256011,
        "slope": -1047408794.7858658
    },
    "dirty": 2020665946,
    "rather": 852778883,
    "extra": -972862104.3393512
}